-- phpMyAdmin SQL Dump
-- version 4.1.14
-- http://www.phpmyadmin.net
--
-- Host: 127.0.0.1
-- Generation Time: 2016-06-22 11:03:16
-- 服务器版本： 5.6.17
-- PHP Version: 5.5.12

SET SQL_MODE = "NO_AUTO_VALUE_ON_ZERO";
SET time_zone = "+00:00";


/*!40101 SET @OLD_CHARACTER_SET_CLIENT=@@CHARACTER_SET_CLIENT */;
/*!40101 SET @OLD_CHARACTER_SET_RESULTS=@@CHARACTER_SET_RESULTS */;
/*!40101 SET @OLD_COLLATION_CONNECTION=@@COLLATION_CONNECTION */;
/*!40101 SET NAMES utf8 */;

--
-- Database: `hwm`
--

-- --------------------------------------------------------

--
-- 表的结构 `department`
--

CREATE TABLE IF NOT EXISTS `department` (
  `id` int(20) NOT NULL AUTO_INCREMENT COMMENT '部门/项目主键',
  `pid` int(10) NOT NULL DEFAULT '0' COMMENT '父节点ID',
  `dept_name` varchar(50) NOT NULL COMMENT '部门名称',
  `dept_leader` varchar(20) NOT NULL COMMENT '部门负责人',
  `description` text NOT NULL COMMENT '部门简介',
  `dept_date` date NOT NULL COMMENT '添加时间',
  PRIMARY KEY (`id`)
) ENGINE=InnoDB  DEFAULT CHARSET=utf8 AUTO_INCREMENT=13 ;

--
-- 转存表中的数据 `department`
--

INSERT INTO `department` (`id`, `pid`, `dept_name`, `dept_leader`, `description`, `dept_date`) VALUES
(1, 0, '大网盟', '张洋', '<p>网盟插件广告，游戏站广告</p>', '2015-11-01'),
(2, 1, '游戏站', '张洋', '<p>游戏开发及维护工作</p>', '2016-05-02'),
(3, 1, '网盟平台', '陈雪君', '<p>网盟插件业务</p>', '2016-05-10'),
(4, 0, '移动端', '杜荣健', '<p>安卓移动开发业务</p>', '2016-01-01'),
(5, 4, '移动工具开发组', '某某人A', '移动工具开发及维护', '2016-03-02'),
(6, 4, '社交视频App开发', '杜荣健', '安卓社交视频软件海外版开发', '2016-03-01'),
(7, 4, '社交视频App推广', '某某人B', '安卓社交视频软件海外推广工作', '2016-05-01'),
(11, 0, '财务部', '郝娇娇', '<p>财务管理</p>', '2016-05-30'),
(12, 1, '游戏设计', '负责人1', '<p>负责游戏设计工作</p>', '2016-06-16');

-- --------------------------------------------------------

--
-- 表的结构 `report`
--

CREATE TABLE IF NOT EXISTS `report` (
  `id` int(20) NOT NULL AUTO_INCREMENT COMMENT '报表主键',
  `dept_id` int(20) NOT NULL COMMENT '项目外键',
  `date` date NOT NULL COMMENT '流水日期',
  `operator` varchar(20) NOT NULL COMMENT '录入人',
  `operator_time` datetime NOT NULL COMMENT '录入时间',
  PRIMARY KEY (`id`)
) ENGINE=InnoDB  DEFAULT CHARSET=utf8 AUTO_INCREMENT=43 ;

--
-- 转存表中的数据 `report`
--

INSERT INTO `report` (`id`, `dept_id`, `date`, `operator`, `operator_time`) VALUES
(1, 2, '2016-06-01', 'hubery', '2016-06-06 10:13:15'),
(2, 2, '2016-06-02', 'hubery', '2016-06-06 10:13:34'),
(3, 2, '2016-06-03', 'hubery', '2016-06-06 10:13:46'),
(4, 2, '2016-06-05', 'hubery', '2016-06-06 10:14:00'),
(5, 2, '2016-06-04', 'hubery', '2016-06-07 12:06:38'),
(6, 2, '2016-06-06', 'hubery', '2016-06-07 12:13:14'),
(7, 2, '2016-06-07', 'hubery', '2016-06-07 12:13:26'),
(8, 3, '2016-06-07', 'hubery', '2016-06-07 12:15:10'),
(9, 3, '2016-06-06', 'hubery', '2016-06-07 18:53:24'),
(10, 3, '2016-06-05', 'hubery', '2016-06-07 18:53:36'),
(11, 3, '2016-06-04', 'hubery', '2016-06-07 18:53:52'),
(12, 2, '2016-06-08', 'hubery', '2016-06-08 09:41:55'),
(13, 2, '2016-05-31', 'hubery', '2016-06-08 09:44:14'),
(14, 9, '2016-06-01', 'hubery', '2016-06-08 10:34:40'),
(15, 9, '2016-06-02', 'hubery', '2016-06-08 10:35:25'),
(16, 9, '2016-06-03', 'hubery', '2016-06-08 10:35:41'),
(17, 9, '2016-06-04', 'hubery', '2016-06-08 10:35:51'),
(18, 2, '2016-05-29', 'hubery', '2016-06-08 10:46:51'),
(19, 2, '2016-05-30', 'hubery', '2016-06-08 10:47:28'),
(20, 2, '2016-06-11', 'zhang', '2016-06-12 14:06:47'),
(21, 2, '2016-06-14', 'hubery', '2016-06-14 10:35:51'),
(22, 2, '2016-06-13', 'hubery', '2016-06-14 10:54:07'),
(23, 3, '2016-06-14', 'hubery', '2016-06-14 16:56:34'),
(24, 3, '2016-06-13', 'hubery', '2016-06-14 16:57:25'),
(25, 2, '2016-06-15', 'hubery', '2016-06-15 17:46:16'),
(26, 12, '2016-06-09', 'hubery', '2016-06-16 16:34:42'),
(27, 12, '2016-06-10', 'hubery', '2016-06-16 16:34:53'),
(28, 12, '2016-06-11', 'hubery', '2016-06-16 16:35:02'),
(29, 2, '2016-06-16', 'hubery', '2016-06-21 18:07:15'),
(30, 2, '2016-06-17', 'hubery', '2016-06-21 18:07:35'),
(31, 2, '2016-06-18', 'hubery', '2016-06-21 18:08:02'),
(32, 2, '2016-06-19', 'hubery', '2016-06-21 18:09:45'),
(33, 2, '2016-06-20', 'hubery', '2016-06-21 18:10:56'),
(34, 3, '2016-06-21', 'hubery', '2016-06-21 18:15:10'),
(35, 3, '2016-06-19', 'hubery', '2016-06-21 18:15:20'),
(36, 3, '2016-06-18', 'hubery', '2016-06-21 18:15:35'),
(37, 3, '2016-06-17', 'hubery', '2016-06-21 18:15:53'),
(38, 12, '2016-06-20', 'hubery', '2016-06-21 18:16:34'),
(39, 12, '2016-06-19', 'hubery', '2016-06-21 18:16:53'),
(40, 12, '2016-06-07', 'hubery', '2016-06-21 18:17:37'),
(41, 12, '2016-06-18', 'hubery', '2016-06-21 18:18:03'),
(42, 12, '2016-06-17', 'hubery', '2016-06-21 18:18:17');

-- --------------------------------------------------------

--
-- 表的结构 `report_column`
--

CREATE TABLE IF NOT EXISTS `report_column` (
  `id` int(10) NOT NULL AUTO_INCREMENT COMMENT '报表字端主键',
  `dept_id` int(10) NOT NULL COMMENT '项目外键',
  `cname` varchar(50) NOT NULL COMMENT '字段英文名',
  `ctitle` varchar(50) NOT NULL COMMENT '字段中文名',
  `type` int(10) NOT NULL COMMENT '字段类型',
  `formula` varchar(50) NOT NULL DEFAULT ' { }' COMMENT '公式',
  PRIMARY KEY (`id`)
) ENGINE=InnoDB  DEFAULT CHARSET=utf8 AUTO_INCREMENT=30 ;

--
-- 转存表中的数据 `report_column`
--

INSERT INTO `report_column` (`id`, `dept_id`, `cname`, `ctitle`, `type`, `formula`) VALUES
(1, 2, 'impressions', '展示量', 1, ' { }'),
(2, 2, 'clicks', '点击量', 1, ' { }'),
(3, 2, 'ctr', '展示点击量', 2, '{ clicks / impressions * 100 } %'),
(4, 2, 'installs', '安装量', 1, ' { }'),
(5, 2, 'ir', '展示安装量', 2, '{ installs / impressions * 100 } %'),
(6, 3, 'income', '收入', 1, '$ { }'),
(7, 3, 'outcome', '支出', 1, '$ { }'),
(8, 3, 'profit', '利润', 2, '$ { income - outcome }'),
(9, 3, 'profitrate', '利润率', 2, '{ ( income - outcome ) / outcome * 100 } %'),
(10, 9, 'income', '收入', 1, '$ { }'),
(11, 9, 'outcome', '支出', 1, '$ { }'),
(12, 9, 'profit', '利润', 2, '$ { income - outcome }'),
(13, 9, 'profitrate', '利润率', 2, '{ income - outcome ) / outcome * 100 } %'),
(14, 2, 'income', '收入', 1, '$ { }'),
(15, 2, 'outcome', '支出', 1, '{ } 元'),
(16, 2, 'profit', '利润', 2, '$ { income - outcome }'),
(17, 2, 'profitrate', '利润率', 2, '{ ( income - outcome ) / outcome * 100 } %'),
(18, 12, 'income', '收入($)', 1, '￥ { }'),
(19, 12, 'outcome', '支出($)', 1, '￥ { }'),
(20, 12, 'profit', '利润($)', 2, '￥ { income - outcome }'),
(21, 12, 'profitrate', '利润率', 2, '{ ( income - outcome ) / outcome * 100 } %'),
(22, 2, 'mytest', '我的测试', 1, '￥ { }'),
(23, 5, 'income', '收入', 1, '$ { }'),
(24, 5, 'outcome', '支出', 1, '$ { }'),
(25, 5, 'profit', '利润', 2, '$ { income - outcome }'),
(26, 5, 'profitrate', '利润率', 2, '{ ( income - outcome ) / outcome * 100 } %'),
(27, 12, 'impression', '展示量', 1, ' { }'),
(28, 12, 'clicks', '点击量', 1, ' { }'),
(29, 12, 'ctr', '展示点击量', 2, '{ clicks / impression * 100 } %');

-- --------------------------------------------------------

--
-- 表的结构 `report_value`
--

CREATE TABLE IF NOT EXISTS `report_value` (
  `id` int(100) NOT NULL AUTO_INCREMENT COMMENT '主键',
  `report_id` int(50) NOT NULL COMMENT '报表外键',
  `reportc_id` int(50) NOT NULL COMMENT '项目字段外键',
  `cname` varchar(50) NOT NULL COMMENT '报告字段名',
  `cvalue` varchar(100) NOT NULL COMMENT '报告字段值',
  `date` date NOT NULL COMMENT '数据日期',
  PRIMARY KEY (`id`)
) ENGINE=InnoDB  DEFAULT CHARSET=utf8 AUTO_INCREMENT=243 ;

--
-- 转存表中的数据 `report_value`
--

INSERT INTO `report_value` (`id`, `report_id`, `reportc_id`, `cname`, `cvalue`, `date`) VALUES
(1, 1, 1, 'impressions', '1000', '2016-06-01'),
(2, 1, 2, 'clicks', '500', '2016-06-01'),
(3, 1, 3, 'ctr', '', '2016-06-01'),
(4, 1, 4, 'installs', '500', '2016-06-01'),
(5, 1, 5, 'ir', '', '2016-06-01'),
(6, 2, 1, 'impressions', '600', '2016-06-02'),
(7, 2, 2, 'clicks', '300', '2016-06-02'),
(8, 2, 3, 'ctr', '', '2016-06-02'),
(9, 2, 4, 'installs', '300', '2016-06-02'),
(10, 2, 5, 'ir', '', '2016-06-02'),
(11, 3, 1, 'impressions', '500', '2016-06-03'),
(12, 3, 2, 'clicks', '45', '2016-06-03'),
(13, 3, 3, 'ctr', '', '2016-06-03'),
(14, 3, 4, 'installs', '30', '2016-06-03'),
(15, 3, 5, 'ir', '', '2016-06-03'),
(16, 4, 1, 'impressions', '600', '2016-06-05'),
(17, 4, 2, 'clicks', '300', '2016-06-05'),
(18, 4, 3, 'ctr', '', '2016-06-05'),
(19, 4, 4, 'installs', '300', '2016-06-05'),
(20, 4, 5, 'ir', '', '2016-06-05'),
(21, 5, 1, 'impressions', '800', '2016-06-04'),
(22, 5, 2, 'clicks', '400', '2016-06-04'),
(23, 5, 3, 'ctr', '', '2016-06-04'),
(24, 5, 4, 'installs', '500', '2016-06-04'),
(25, 5, 5, 'ir', '', '2016-06-04'),
(26, 6, 1, 'impressions', '800', '2016-06-06'),
(27, 6, 2, 'clicks', '500', '2016-06-06'),
(28, 6, 3, 'ctr', '', '2016-06-06'),
(29, 6, 4, 'installs', '100', '2016-06-06'),
(30, 6, 5, 'ir', '', '2016-06-06'),
(31, 7, 1, 'impressions', '500', '2016-06-07'),
(32, 7, 2, 'clicks', '400', '2016-06-07'),
(33, 7, 3, 'ctr', '', '2016-06-07'),
(34, 7, 4, 'installs', '300', '2016-06-07'),
(35, 7, 5, 'ir', '', '2016-06-07'),
(36, 8, 6, 'income', '500', '2016-06-07'),
(37, 8, 7, 'outcome', '400', '2016-06-07'),
(38, 8, 8, 'profit', '', '2016-06-07'),
(39, 8, 9, 'profitrate', '', '2016-06-07'),
(40, 9, 6, 'income', '30', '2016-06-06'),
(41, 9, 7, 'outcome', '20', '2016-06-06'),
(42, 9, 8, 'profit', '', '2016-06-06'),
(43, 9, 9, 'profitrate', '', '2016-06-06'),
(44, 10, 6, 'income', '500', '2016-06-05'),
(45, 10, 7, 'outcome', '400', '2016-06-05'),
(46, 10, 8, 'profit', '', '2016-06-05'),
(47, 10, 9, 'profitrate', '', '2016-06-05'),
(48, 11, 6, 'income', '500', '2016-06-04'),
(49, 11, 7, 'outcome', '300', '2016-06-04'),
(50, 11, 8, 'profit', '', '2016-06-04'),
(51, 11, 9, 'profitrate', '', '2016-06-04'),
(52, 12, 1, 'impressions', '1000', '2016-06-08'),
(53, 12, 2, 'clicks', '500', '2016-06-08'),
(54, 12, 3, 'ctr', '', '2016-06-08'),
(55, 12, 4, 'installs', '400', '2016-06-08'),
(56, 12, 5, 'ir', '', '2016-06-08'),
(57, 13, 1, 'impressions', '1000', '2016-05-31'),
(58, 13, 2, 'clicks', '400', '2016-05-31'),
(59, 13, 3, 'ctr', '', '2016-05-31'),
(60, 13, 4, 'installs', '300', '2016-05-31'),
(61, 13, 5, 'ir', '', '2016-05-31'),
(62, 14, 10, 'income', '500', '2016-06-01'),
(63, 14, 11, 'outcome', '400', '2016-06-01'),
(64, 14, 12, 'profit', '', '2016-06-01'),
(65, 15, 10, 'income', '300', '2016-06-02'),
(66, 15, 11, 'outcome', '240', '2016-06-02'),
(67, 15, 12, 'profit', '', '2016-06-02'),
(68, 16, 10, 'income', '60', '2016-06-03'),
(69, 16, 11, 'outcome', '20', '2016-06-03'),
(70, 16, 12, 'profit', '', '2016-06-03'),
(71, 17, 10, 'income', '30', '2016-06-04'),
(72, 17, 11, 'outcome', '20', '2016-06-04'),
(73, 17, 12, 'profit', '', '2016-06-04'),
(74, 14, 13, 'profitrate', '', '2016-06-01'),
(75, 15, 13, 'profitrate', '', '2016-06-02'),
(76, 16, 13, 'profitrate', '', '2016-06-03'),
(77, 17, 13, 'profitrate', '', '2016-06-04'),
(78, 18, 1, 'impressions', '1000', '2016-05-29'),
(79, 18, 2, 'clicks', '300', '2016-05-29'),
(80, 18, 3, 'ctr', '', '2016-05-29'),
(81, 18, 4, 'installs', '400', '2016-05-29'),
(82, 18, 5, 'ir', '', '2016-05-29'),
(83, 19, 1, 'impressions', '600', '2016-05-30'),
(84, 19, 2, 'clicks', '400', '2016-05-30'),
(85, 19, 3, 'ctr', '', '2016-05-30'),
(86, 19, 4, 'installs', '300', '2016-05-30'),
(87, 19, 5, 'ir', '', '2016-05-30'),
(88, 20, 1, 'impressions', '500', '2016-06-11'),
(89, 20, 2, 'clicks', '400', '2016-06-11'),
(90, 20, 3, 'ctr', '', '2016-06-11'),
(91, 20, 4, 'installs', '400', '2016-06-11'),
(92, 20, 5, 'ir', '', '2016-06-11'),
(93, 21, 1, 'impressions', '1000', '2016-06-14'),
(94, 21, 2, 'clicks', '400', '2016-06-14'),
(95, 21, 3, 'ctr', '', '2016-06-14'),
(96, 21, 4, 'installs', '400', '2016-06-14'),
(97, 21, 5, 'ir', '', '2016-06-14'),
(98, 22, 1, 'impressions', '1000', '2016-06-13'),
(99, 22, 2, 'clicks', '300', '2016-06-13'),
(100, 22, 3, 'ctr', '', '2016-06-13'),
(101, 22, 4, 'installs', '400', '2016-06-13'),
(102, 22, 5, 'ir', '', '2016-06-13'),
(103, 23, 6, 'income', '500', '2016-06-14'),
(104, 23, 7, 'outcome', '240', '2016-06-14'),
(105, 23, 8, 'profit', '', '2016-06-14'),
(106, 23, 9, 'profitrate', '', '2016-06-14'),
(107, 24, 6, 'income', '300', '2016-06-13'),
(108, 24, 7, 'outcome', '240', '2016-06-13'),
(109, 24, 8, 'profit', '', '2016-06-13'),
(110, 24, 9, 'profitrate', '', '2016-06-13'),
(111, 25, 1, 'impressions', '1000', '2016-06-15'),
(112, 25, 2, 'clicks', '500', '2016-06-15'),
(113, 25, 3, 'ctr', '', '2016-06-15'),
(114, 25, 4, 'installs', '600', '2016-06-15'),
(115, 25, 5, 'ir', '', '2016-06-15'),
(116, 25, 14, 'income', '500', '2016-06-15'),
(117, 21, 14, 'income', '500', '2016-06-14'),
(118, 21, 15, 'outcome', '400', '2016-06-14'),
(119, 25, 15, 'outcome', '400', '2016-06-15'),
(120, 25, 16, 'profit', '', '2016-06-15'),
(121, 21, 16, 'profit', '', '2016-06-14'),
(122, 21, 17, 'profitrate', '', '2016-06-14'),
(123, 25, 17, 'profitrate', '', '2016-06-15'),
(124, 26, 18, 'income', '500', '2016-06-09'),
(125, 26, 19, 'outcome', '400', '2016-06-09'),
(126, 26, 20, 'profit', '', '2016-06-09'),
(127, 26, 21, 'profitrate', '', '2016-06-09'),
(128, 27, 18, 'income', '300', '2016-06-10'),
(129, 27, 19, 'outcome', '240', '2016-06-10'),
(130, 27, 20, 'profit', '', '2016-06-10'),
(131, 27, 21, 'profitrate', '', '2016-06-10'),
(132, 28, 18, 'income', '300', '2016-06-11'),
(133, 28, 19, 'outcome', '240', '2016-06-11'),
(134, 28, 20, 'profit', '', '2016-06-11'),
(135, 28, 21, 'profitrate', '', '2016-06-11'),
(136, 29, 1, 'impressions', '1000', '2016-06-16'),
(137, 29, 2, 'clicks', '400', '2016-06-16'),
(138, 29, 3, 'ctr', '', '2016-06-16'),
(139, 29, 4, 'installs', '600', '2016-06-16'),
(140, 29, 5, 'ir', '', '2016-06-16'),
(141, 29, 14, 'income', '300', '2016-06-16'),
(142, 29, 15, 'outcome', '200', '2016-06-16'),
(143, 29, 16, 'profit', '', '2016-06-16'),
(144, 29, 17, 'profitrate', '', '2016-06-16'),
(145, 29, 22, 'mytest', '100', '2016-06-16'),
(146, 30, 18, 'income', '500', '2016-06-20'),
(147, 30, 19, 'outcome', '400', '2016-06-20'),
(148, 30, 20, 'profit', '', '2016-06-20'),
(149, 30, 21, 'profitrate', '', '2016-06-20'),
(151, 31, 24, 'outcome', '240', '0000-00-00'),
(152, 30, 1, 'impressions', '600', '2016-06-17'),
(153, 30, 2, 'clicks', '500', '2016-06-17'),
(154, 30, 3, 'ctr', '', '2016-06-17'),
(155, 30, 4, 'installs', '400', '2016-06-17'),
(156, 30, 5, 'ir', '', '2016-06-17'),
(157, 30, 14, 'income', '300', '2016-06-17'),
(158, 30, 15, 'outcome', '240', '2016-06-17'),
(159, 30, 16, 'profit', '', '2016-06-17'),
(160, 30, 17, 'profitrate', '', '2016-06-17'),
(161, 30, 22, 'mytest', '100', '2016-06-17'),
(162, 31, 1, 'impressions', '500', '2016-06-18'),
(163, 31, 2, 'clicks', '400', '2016-06-18'),
(164, 31, 3, 'ctr', '', '2016-06-18'),
(165, 31, 4, 'installs', '300', '2016-06-18'),
(166, 31, 5, 'ir', '', '2016-06-18'),
(167, 31, 14, 'income', '10', '2016-06-18'),
(168, 31, 15, 'outcome', '8', '2016-06-18'),
(169, 31, 16, 'profit', '', '2016-06-18'),
(170, 31, 17, 'profitrate', '', '2016-06-18'),
(171, 31, 22, 'mytest', '1', '2016-06-18'),
(172, 32, 1, 'impressions', '1000', '2016-06-19'),
(173, 32, 2, 'clicks', '45', '2016-06-19'),
(174, 32, 3, 'ctr', '', '2016-06-19'),
(175, 32, 4, 'installs', '400', '2016-06-19'),
(176, 32, 5, 'ir', '', '2016-06-19'),
(177, 32, 14, 'income', '600', '2016-06-19'),
(178, 32, 15, 'outcome', '500', '2016-06-19'),
(179, 32, 16, 'profit', '', '2016-06-19'),
(180, 32, 17, 'profitrate', '', '2016-06-19'),
(181, 32, 22, 'mytest', '50', '2016-06-19'),
(182, 33, 1, 'impressions', '1000', '2016-06-20'),
(183, 33, 2, 'clicks', '800', '2016-06-20'),
(184, 33, 3, 'ctr', '', '2016-06-20'),
(185, 33, 4, 'installs', '600', '2016-06-20'),
(186, 33, 5, 'ir', '', '2016-06-20'),
(187, 33, 14, 'income', '300', '2016-06-20'),
(188, 33, 15, 'outcome', '200', '2016-06-20'),
(189, 33, 16, 'profit', '', '2016-06-20'),
(190, 33, 17, 'profitrate', '', '2016-06-20'),
(191, 33, 22, 'mytest', '50', '2016-06-20'),
(192, 34, 6, 'income', '500', '2016-06-21'),
(193, 34, 7, 'outcome', '400', '2016-06-21'),
(194, 34, 8, 'profit', '', '2016-06-21'),
(195, 34, 9, 'profitrate', '', '2016-06-21'),
(196, 35, 6, 'income', '300', '2016-06-19'),
(197, 35, 7, 'outcome', '240', '2016-06-19'),
(198, 35, 8, 'profit', '', '2016-06-19'),
(199, 35, 9, 'profitrate', '', '2016-06-19'),
(200, 36, 6, 'income', '10', '2016-06-18'),
(201, 36, 7, 'outcome', '8', '2016-06-18'),
(202, 36, 8, 'profit', '', '2016-06-18'),
(203, 36, 9, 'profitrate', '', '2016-06-18'),
(204, 37, 6, 'income', '30', '2016-06-17'),
(205, 37, 7, 'outcome', '20', '2016-06-17'),
(206, 37, 8, 'profit', '', '2016-06-17'),
(207, 37, 9, 'profitrate', '', '2016-06-17'),
(208, 38, 18, 'income', '300', '2016-06-20'),
(209, 38, 19, 'outcome', '240', '2016-06-20'),
(210, 38, 20, 'profit', '', '2016-06-20'),
(211, 38, 21, 'profitrate', '', '2016-06-20'),
(212, 38, 27, 'impression', '100', '2016-06-20'),
(213, 38, 28, 'clicks', '45', '2016-06-20'),
(214, 38, 29, 'ctr', '', '2016-06-20'),
(215, 39, 18, 'income', '300', '2016-06-19'),
(216, 39, 19, 'outcome', '240', '2016-06-19'),
(217, 39, 20, 'profit', '', '2016-06-19'),
(218, 39, 21, 'profitrate', '', '2016-06-19'),
(219, 39, 27, 'impression', '120', '2016-06-19'),
(220, 39, 28, 'clicks', '50', '2016-06-19'),
(221, 39, 29, 'ctr', '', '2016-06-19'),
(222, 40, 18, 'income', '300', '2016-06-07'),
(223, 40, 19, 'outcome', '240', '2016-06-07'),
(224, 40, 20, 'profit', '', '2016-06-07'),
(225, 40, 21, 'profitrate', '', '2016-06-07'),
(226, 40, 27, 'impression', '120', '2016-06-07'),
(227, 40, 28, 'clicks', '40', '2016-06-07'),
(228, 40, 29, 'ctr', '', '2016-06-07'),
(229, 41, 18, 'income', '300', '2016-06-18'),
(230, 41, 19, 'outcome', '240', '2016-06-18'),
(231, 41, 20, 'profit', '', '2016-06-18'),
(232, 41, 21, 'profitrate', '', '2016-06-18'),
(233, 41, 27, 'impression', '100', '2016-06-18'),
(234, 41, 28, 'clicks', '45', '2016-06-18'),
(235, 41, 29, 'ctr', '', '2016-06-18'),
(236, 42, 18, 'income', '10', '2016-06-17'),
(237, 42, 19, 'outcome', '8', '2016-06-17'),
(238, 42, 20, 'profit', '', '2016-06-17'),
(239, 42, 21, 'profitrate', '', '2016-06-17'),
(240, 42, 27, 'impression', '120', '2016-06-17'),
(241, 42, 28, 'clicks', '45', '2016-06-17'),
(242, 42, 29, 'ctr', '', '2016-06-17');

-- --------------------------------------------------------

--
-- 表的结构 `user`
--

CREATE TABLE IF NOT EXISTS `user` (
  `id` int(20) NOT NULL AUTO_INCREMENT COMMENT '用户主键',
  `dept_id` int(11) NOT NULL COMMENT '管理员部门外键id',
  `name` varchar(20) NOT NULL COMMENT '用户名',
  `email` varchar(50) NOT NULL COMMENT '邮箱',
  `password` varchar(50) NOT NULL COMMENT '用户密码',
  `telephone` varchar(15) NOT NULL COMMENT '联系电话',
  `level` int(11) NOT NULL COMMENT '管理员级别',
  `time` timestamp NOT NULL COMMENT '信息添加时间',
  PRIMARY KEY (`id`)
) ENGINE=InnoDB  DEFAULT CHARSET=utf8 AUTO_INCREMENT=6 ;

--
-- 转存表中的数据 `user`
--

INSERT INTO `user` (`id`, `dept_id`, `name`, `email`, `password`, `telephone`, `level`, `time`) VALUES
(1, 1, 'hubery', 'huli@hellowd.net', '123456', '12345678901', 1, '2016-05-27 04:17:37'),
(2, 1, 'zhang', 'zhang@qq.com', 'hehe!you can''t see!', '12345678901', 2, '2016-05-25 08:17:43'),
(3, 4, 'move', 'move@hellowd.net', '123456', '12345678901', 1, '2016-05-26 01:17:33'),
(4, 4, 'test', 'test@qq.com', '123456', '13530788436', 2, '2016-05-29 16:00:00'),
(5, 1, 'test3', 'test3@qq.com', '123456', '13530788436', 2, '2016-05-29 16:00:00');

/*!40101 SET CHARACTER_SET_CLIENT=@OLD_CHARACTER_SET_CLIENT */;
/*!40101 SET CHARACTER_SET_RESULTS=@OLD_CHARACTER_SET_RESULTS */;
/*!40101 SET COLLATION_CONNECTION=@OLD_COLLATION_CONNECTION */;
